{
  "version": "1.0.0",
  "platformVersion": "18.2.2",
  "authentication": {
    "type": "custom",
    "fields": [
      {
        "key": "api_key",
        "label": "API Key",
        "type": "string",
        "required": true,
        "helpText": "Your CrewForm REST API key. Find it in Settings → API Keys."
      },
      {
        "key": "api_url",
        "label": "API URL",
        "type": "string",
        "required": true,
        "helpText": "Your CrewForm Supabase URL (e.g. https://your-project.supabase.co/functions/v1)"
      }
    ],
    "test": "$func$2$f$",
    "connectionLabel": "$func$2$f$"
  },
  "beforeRequest": [
    "$func$3$f$"
  ],
  "triggers": {
    "task_started": {
      "key": "task_started",
      "noun": "Task",
      "display": {
        "label": "Task Started",
        "description": "Triggers when a task begins execution."
      },
      "operation": {
        "type": "hook",
        "performSubscribe": "$func$2$f$",
        "performUnsubscribe": "$func$2$f$",
        "perform": "$func$2$f$",
        "performList": "$func$2$f$",
        "sample": {
          "event": "task.started",
          "task_id": "00000000-0000-0000-0000-000000000000",
          "team_run_id": null,
          "task_title": "Sample task title",
          "agent_name": "Sample Agent",
          "status": "completed",
          "result_preview": "This is a sample result preview...",
          "error": null,
          "timestamp": "2026-02-27T20:55:29.300Z"
        },
        "outputFields": [
          {
            "key": "event",
            "label": "Event Type"
          },
          {
            "key": "task_id",
            "label": "Task ID"
          },
          {
            "key": "team_run_id",
            "label": "Team Run ID"
          },
          {
            "key": "task_title",
            "label": "Title"
          },
          {
            "key": "agent_name",
            "label": "Agent / Team Name"
          },
          {
            "key": "status",
            "label": "Status"
          },
          {
            "key": "result_preview",
            "label": "Result Preview"
          },
          {
            "key": "error",
            "label": "Error Message"
          },
          {
            "key": "timestamp",
            "label": "Timestamp"
          }
        ]
      }
    },
    "task_completed": {
      "key": "task_completed",
      "noun": "Task",
      "display": {
        "label": "Task Completed",
        "description": "Triggers when a task finishes successfully."
      },
      "operation": {
        "type": "hook",
        "performSubscribe": "$func$2$f$",
        "performUnsubscribe": "$func$2$f$",
        "perform": "$func$2$f$",
        "performList": "$func$2$f$",
        "sample": {
          "event": "task.completed",
          "task_id": "00000000-0000-0000-0000-000000000000",
          "team_run_id": null,
          "task_title": "Sample task title",
          "agent_name": "Sample Agent",
          "status": "completed",
          "result_preview": "This is a sample result preview...",
          "error": null,
          "timestamp": "2026-02-27T20:55:29.300Z"
        },
        "outputFields": [
          {
            "key": "event",
            "label": "Event Type"
          },
          {
            "key": "task_id",
            "label": "Task ID"
          },
          {
            "key": "team_run_id",
            "label": "Team Run ID"
          },
          {
            "key": "task_title",
            "label": "Title"
          },
          {
            "key": "agent_name",
            "label": "Agent / Team Name"
          },
          {
            "key": "status",
            "label": "Status"
          },
          {
            "key": "result_preview",
            "label": "Result Preview"
          },
          {
            "key": "error",
            "label": "Error Message"
          },
          {
            "key": "timestamp",
            "label": "Timestamp"
          }
        ]
      }
    },
    "task_failed": {
      "key": "task_failed",
      "noun": "Task",
      "display": {
        "label": "Task Failed",
        "description": "Triggers when a task fails."
      },
      "operation": {
        "type": "hook",
        "performSubscribe": "$func$2$f$",
        "performUnsubscribe": "$func$2$f$",
        "perform": "$func$2$f$",
        "performList": "$func$2$f$",
        "sample": {
          "event": "task.failed",
          "task_id": "00000000-0000-0000-0000-000000000000",
          "team_run_id": null,
          "task_title": "Sample task title",
          "agent_name": "Sample Agent",
          "status": "completed",
          "result_preview": "This is a sample result preview...",
          "error": null,
          "timestamp": "2026-02-27T20:55:29.300Z"
        },
        "outputFields": [
          {
            "key": "event",
            "label": "Event Type"
          },
          {
            "key": "task_id",
            "label": "Task ID"
          },
          {
            "key": "team_run_id",
            "label": "Team Run ID"
          },
          {
            "key": "task_title",
            "label": "Title"
          },
          {
            "key": "agent_name",
            "label": "Agent / Team Name"
          },
          {
            "key": "status",
            "label": "Status"
          },
          {
            "key": "result_preview",
            "label": "Result Preview"
          },
          {
            "key": "error",
            "label": "Error Message"
          },
          {
            "key": "timestamp",
            "label": "Timestamp"
          }
        ]
      }
    },
    "team_run_completed": {
      "key": "team_run_completed",
      "noun": "Team Run",
      "display": {
        "label": "Team Run Completed",
        "description": "Triggers when a team run (pipeline or orchestrator) finishes successfully."
      },
      "operation": {
        "type": "hook",
        "performSubscribe": "$func$2$f$",
        "performUnsubscribe": "$func$2$f$",
        "perform": "$func$2$f$",
        "performList": "$func$2$f$",
        "sample": {
          "event": "team_run.completed",
          "task_id": "00000000-0000-0000-0000-000000000000",
          "team_run_id": null,
          "task_title": "Sample task title",
          "agent_name": "Sample Agent",
          "status": "completed",
          "result_preview": "This is a sample result preview...",
          "error": null,
          "timestamp": "2026-02-27T20:55:29.300Z"
        },
        "outputFields": [
          {
            "key": "event",
            "label": "Event Type"
          },
          {
            "key": "task_id",
            "label": "Task ID"
          },
          {
            "key": "team_run_id",
            "label": "Team Run ID"
          },
          {
            "key": "task_title",
            "label": "Title"
          },
          {
            "key": "agent_name",
            "label": "Agent / Team Name"
          },
          {
            "key": "status",
            "label": "Status"
          },
          {
            "key": "result_preview",
            "label": "Result Preview"
          },
          {
            "key": "error",
            "label": "Error Message"
          },
          {
            "key": "timestamp",
            "label": "Timestamp"
          }
        ]
      }
    },
    "team_run_failed": {
      "key": "team_run_failed",
      "noun": "Team Run",
      "display": {
        "label": "Team Run Failed",
        "description": "Triggers when a team run (pipeline or orchestrator) fails."
      },
      "operation": {
        "type": "hook",
        "performSubscribe": "$func$2$f$",
        "performUnsubscribe": "$func$2$f$",
        "perform": "$func$2$f$",
        "performList": "$func$2$f$",
        "sample": {
          "event": "team_run.failed",
          "task_id": "00000000-0000-0000-0000-000000000000",
          "team_run_id": null,
          "task_title": "Sample task title",
          "agent_name": "Sample Agent",
          "status": "completed",
          "result_preview": "This is a sample result preview...",
          "error": null,
          "timestamp": "2026-02-27T20:55:29.301Z"
        },
        "outputFields": [
          {
            "key": "event",
            "label": "Event Type"
          },
          {
            "key": "task_id",
            "label": "Task ID"
          },
          {
            "key": "team_run_id",
            "label": "Team Run ID"
          },
          {
            "key": "task_title",
            "label": "Title"
          },
          {
            "key": "agent_name",
            "label": "Agent / Team Name"
          },
          {
            "key": "status",
            "label": "Status"
          },
          {
            "key": "result_preview",
            "label": "Result Preview"
          },
          {
            "key": "error",
            "label": "Error Message"
          },
          {
            "key": "timestamp",
            "label": "Timestamp"
          }
        ]
      }
    }
  },
  "creates": {
    "create_task": {
      "key": "create_task",
      "noun": "Task",
      "display": {
        "label": "Create Task",
        "description": "Creates a new task in CrewForm and dispatches it to an agent."
      },
      "operation": {
        "perform": "$func$2$f$",
        "inputFields": [
          {
            "key": "title",
            "label": "Title",
            "type": "string",
            "required": true,
            "helpText": "The title of the task."
          },
          {
            "key": "description",
            "label": "Description",
            "type": "text",
            "required": true,
            "helpText": "The full task description / prompt for the AI agent."
          },
          {
            "key": "priority",
            "label": "Priority",
            "type": "string",
            "choices": [
              "low",
              "medium",
              "high",
              "urgent"
            ],
            "default": "medium",
            "required": false,
            "helpText": "Task priority level."
          },
          {
            "key": "assigned_agent_id",
            "label": "Agent ID",
            "type": "string",
            "required": false,
            "helpText": "UUID of the agent to assign this task to. Leave blank to assign manually."
          },
          {
            "key": "assigned_team_id",
            "label": "Team ID",
            "type": "string",
            "required": false,
            "helpText": "UUID of the team to assign this task to (for pipeline/orchestrator runs)."
          }
        ],
        "sample": {
          "id": "00000000-0000-0000-0000-000000000000",
          "title": "Sample Task",
          "description": "Analyze the latest quarterly report",
          "priority": "medium",
          "status": "pending",
          "created_at": "2026-02-27T20:55:29.301Z"
        },
        "outputFields": [
          {
            "key": "id",
            "label": "Task ID"
          },
          {
            "key": "title",
            "label": "Title"
          },
          {
            "key": "description",
            "label": "Description"
          },
          {
            "key": "priority",
            "label": "Priority"
          },
          {
            "key": "status",
            "label": "Status"
          },
          {
            "key": "assigned_agent_id",
            "label": "Assigned Agent ID"
          },
          {
            "key": "assigned_team_id",
            "label": "Assigned Team ID"
          },
          {
            "key": "created_at",
            "label": "Created At"
          }
        ]
      }
    },
    "run_team": {
      "key": "run_team",
      "noun": "Team Run",
      "display": {
        "label": "Run Team",
        "description": "Starts a team run (pipeline or orchestrator) in CrewForm."
      },
      "operation": {
        "perform": "$func$2$f$",
        "inputFields": [
          {
            "key": "team_id",
            "label": "Team ID",
            "type": "string",
            "required": true,
            "helpText": "The UUID of the team to run. Find this in the Teams page."
          },
          {
            "key": "input_task",
            "label": "Input Task",
            "type": "text",
            "required": true,
            "helpText": "The task/prompt to send to the team pipeline or orchestrator."
          }
        ],
        "sample": {
          "id": "00000000-0000-0000-0000-000000000000",
          "team_id": "00000000-0000-0000-0000-000000000001",
          "input_task": "Analyze market trends for Q1 2026",
          "status": "pending",
          "created_at": "2026-02-27T20:55:29.301Z"
        },
        "outputFields": [
          {
            "key": "id",
            "label": "Run ID"
          },
          {
            "key": "team_id",
            "label": "Team ID"
          },
          {
            "key": "input_task",
            "label": "Input Task"
          },
          {
            "key": "status",
            "label": "Status"
          },
          {
            "key": "created_at",
            "label": "Created At"
          }
        ]
      }
    }
  },
  "searches": {},
  "searchOrCreates": {}
}